y,x1,x2
1,3.93456708,1.079461977
1,2.949384776,0.08905254
1,1.353432278,-1.202673774
1,3.836744543,0.609382129
1,1.818879591,0.290466737
1,2.867891409,0.065265274
1,4.131653563,2.151188139
1,2.374226422,-0.454426141
1,2.014878472,-1.226205669
1,3.136239491,-0.942919532
1,2.640957902,-0.857160717
1,2.617259921,-0.216158144
1,4.088017154,-1.69214705
1,3.005310911,0.11762041
1,1.835514598,-0.030917788
1,4.158948722,-0.048787587
1,4.085710434,-0.247896728
1,3.075272196,-1.502484465
1,3.095086158,-0.306758918
1,1.648812184,2.027755589
1,4.269820785,0.582329782
1,2.551761672,-0.927456108
1,4.807981113,1.201030931
1,3.702369531,-0.496108826
1,3.717589025,-0.875263401
1,3.065019728,0.709635694
1,2.760193443,1.006444184
1,3.097753808,0.470832594
1,0.941316734,0.779045727
1,2.360564775,-0.213564329
1,3.655134616,-0.669516419
1,3.10721929,1.547747553
1,3.556901158,-0.289596203
1,4.640260621,-0.172420416
1,3.995512757,-1.291104921
1,3.117778891,0.30488359
1,4.535597775,-1.457753164
1,2.947929896,0.111008902
1,4.364981451,-0.499137083
1,2.489022962,0.823542909
1,3.937778383,-0.351925546
1,1.884913907,0.060327217
1,3.589328612,-1.458118522
1,3.916519288,0.177465221
1,2.239463069,-0.963880767
1,3.568002359,1.917099676
1,4.56000507,-0.378902842
1,3.132591415,-0.889254892
1,3.547670114,-1.91659803
1,2.130752946,0.645010709
1,2.077146344,1.37927785
1,1.689290255,-0.833654456
1,4.807840592,0.96015591
1,2.781284619,-0.030842037
1,3.597186169,-0.034819516
1,2.64740297,-0.597974033
1,3.427814592,-1.673866393
1,2.126605206,-1.122722571
1,1.491460462,0.435964267
1,3.060736209,-0.436135818
1,2.511740732,-1.342559015
1,3.984235676,0.344032826
1,3.312563234,-0.274316911
1,2.431082194,-0.426325497
1,0.956536018,0.170275065
1,2.937299256,-0.132906599
1,3.421894512,-0.85699581
1,2.110120622,0.297768873
1,3.869520083,-1.396707905
1,2.866461177,-1.803524386
1,3.122785047,0.256483922
1,4.592882791,-0.281706674
1,3.592857171,0.178563027
1,2.665895658,-1.433589159
1,3.58306479,-1.194030769
1,2.839970851,0.784193338
1,4.511096015,-0.888867387
1,1.504607414,-0.934642457
1,3.750732512,1.846324795
1,3.73594022,-1.55608848
1,2.968470017,0.510108615
1,4.495103133,-0.451737422
1,2.644105988,1.678759844
1,2.714165671,-1.876832494
1,1.671242636,1.321765615
1,3.085751437,1.69471764
1,3.690522359,1.825148783
1,1.654345273,-0.379294046
1,4.234260296,-0.605280406
1,3.236244758,1.92995486
1,2.118313973,0.240855819
1,3.728507749,-0.837016032
1,3.929546205,1.921771717
1,4.053181666,0.233473758
1,2.903625858,-0.677437898
1,1.827663483,-0.619066453
1,1.321972178,2.153676126
1,0.901048163,0.644775307
1,2.259736977,-0.393090607
1,2.080600003,-0.975882948
1,4.803341852,1.089825513
1,2.715346042,1.214966719
1,3.47661635,-0.581927201
1,2.585420004,0.17542206
1,2.189964222,-0.459034239
1,2.845825187,-0.863828667
1,3.349761125,1.64390598
1,3.972602336,0.161335913
1,2.426816295,0.457778518
1,3.800069638,-0.70758177
1,4.307594212,-0.383829736
1,3.411721684,0.090275986
1,3.726669954,1.22794046
1,2.655592924,1.419038745
1,2.638204134,-0.755230685
1,2.832816672,0.834882582
1,4.249407137,1.41650977
1,3.475100578,1.098676614
1,3.733603006,1.070936769
1,3.616908221,0.125582621
1,3.082071163,0.552821491
1,2.995282263,-0.951806191
1,2.209677622,0.068338589
1,2.927502345,-0.217164093
1,4.373343672,0.620125113
1,3.331089749,0.581464634
1,4.229043838,2.218242098
1,3.031947672,-0.354785999
1,3.606427224,-1.14630508
1,2.28882829,-2.02451444
1,3.758573116,0.603794011
1,3.260203355,-0.43749338
1,4.477330109,-1.40403416
1,2.920212569,0.941839682
1,3.131791312,1.438725365
1,2.755957751,-0.818210326
1,1.645335392,1.090343022
1,2.955085105,0.584281297
1,2.788592054,-0.813619805
1,3.626439902,-1.150108214
1,2.369102144,-1.84305754
1,1.942084123,0.971901505
1,3.643215592,1.413787284
1,2.568335014,0.795988098
1,3.647828108,0.411562572
1,4.051918494,1.085668672
1,3.665220874,1.59248033
1,2.801960246,0.65975443
1,4.345903137,-0.820495248
1,4.497974063,1.215842407
1,1.453396458,1.972897097
1,2.888471717,0.744384991
1,2.317614806,0.563015342
1,2.06036123,-0.03492207
1,1.162706335,0.530023076
1,3.214514169,-0.223128873
1,3.231783946,-0.818560607
1,0.616785804,-1.105769795
1,1.831515456,0.035606426
1,1.265321829,0.415995435
1,2.098957448,1.039010314
1,2.937689429,0.23135512
1,3.136703815,-0.610406945
1,2.970856972,-0.337706379
1,3.809220168,-0.297871054
1,1.495106109,-1.043024866
1,4.24716754,0.584841165
1,2.079554238,0.988159547
1,1.603313893,0.082221343
1,1.148885778,0.469289836
1,4.091763262,0.556626724
1,3.324534431,1.390776827
1,1.18251724,-0.051985828
1,2.660142357,1.006540621
1,4.304385962,0.417268343
1,3.33291173,0.887167304
1,4.392440806,-0.356287773
1,2.9145464,-0.335316084
1,2.299095585,0.58708988
1,2.975823736,-0.28637325
1,1.739909174,-1.458161668
1,1.543993653,-1.228972108
1,1.6431301,-1.157585646
1,3.463641885,-0.120125833
1,3.728617709,0.1995996
1,2.078595826,-1.697439197
1,2.667598503,0.999755949
1,2.297478245,-0.605724115
1,2.074631045,-0.861632996
1,1.981022844,0.667820948
1,3.237958445,-1.508917448
1,1.581218389,0.189263839
1,2.05268612,0.600229535
1,2.889609373,2.599731639
1,2.764286222,-1.450670763
1,2.922992757,1.371246487
1,2.576079367,1.898474168
1,4.015831111,2.070202317
1,4.658383605,0.467299762
1,1.817738595,0.051663903
1,2.45817812,-1.362619938
1,3.88515986,-0.108938579
1,3.901396789,0.21132253
1,4.16010178,0.882784669
1,3.561303455,0.025345182
1,4.015987364,0.45908675
1,3.003533238,0.632141645
1,3.123195211,0.933656038
1,3.918300567,0.315037946
1,2.864820788,-0.924060438
1,3.371468931,-1.445745378
1,0.839443066,-0.401714863
1,3.367123838,0.822220947
1,4.117029413,-0.649056811
1,2.977453528,0.480114376
1,3.45802954,-1.291196943
1,2.769711002,0.668070167
1,2.281363887,0.575343501
1,2.650838349,-0.48263379
1,1.754642025,-0.587586623
1,3.957605417,0.092791994
1,3.163948416,-1.80661001
1,1.709274138,0.874432291
1,4.299132681,0.266668201
1,2.089631812,-0.961435291
1,3.129592736,0.166622478
1,3.691449594,1.631469134
1,4.739885474,-1.339593708
1,4.098545176,-0.5699209
1,3.837953137,-0.449633781
1,1.011763335,-2.39314996
1,4.134224721,0.347779435
1,3.397592135,-1.163284896
1,2.354758248,1.08268923
1,4.736047179,-0.178212345
1,3.687988884,-0.06467747
1,1.157529888,0.4956585
1,1.849369299,-1.266899082
1,4.201680931,-0.392600196
1,1.789650602,0.074277258
1,3.336993401,1.570042129
1,2.604680558,-0.593220559
1,2.257138833,1.304806304
1,2.598350728,-0.133146116
1,4.160767406,1.382322591
1,1.746654102,-0.79678708
1,1.104807774,0.101686527
1,3.725840999,-1.927990392
1,2.587426705,0.528286883
1,2.309469603,-0.069900054
1,3.726615389,1.002125348
1,3.556561809,-2.127829985
1,0.886323919,0.464898832
1,2.011626175,0.992199304
1,1.546442173,-0.038022981
1,1.538377131,1.77273386
1,2.394618479,-0.235532762
1,2.820740894,-0.647903715
1,2.499150108,0.606040097
1,5.124060275,-0.355569383
1,3.033650924,-0.317993911
1,2.655433244,0.685911315
1,1.814267159,-0.110010741
1,2.701836944,0.09804302
1,3.478939048,-0.117859128
1,3.701843664,-0.767362695
1,1.922182341,0.240447718
1,1.425979479,-0.008590891
1,2.420745107,1.693133393
1,3.162463043,-0.058674553
1,4.172900197,-0.810013692
1,4.50586027,1.692697452
1,1.705194642,0.203961099
1,2.526499931,-1.103924498
1,3.958960851,0.925098435
1,3.346855626,0.185941138
1,1.341302136,-0.878447882
1,2.057468635,-0.789751461
1,1.738291148,0.253305641
1,2.043417857,-0.205534826
1,3.550275814,0.382509993
1,4.404707612,-0.889615572
1,3.341587904,0.652421202
1,5.183427605,0.942000768
1,2.288750948,-0.371006447
1,1.371920898,-0.276621028
1,4.855474319,-0.171437628
1,1.65380415,-0.160581487
1,3.258933376,-0.149957814
1,3.061772364,-0.913754255
1,2.038057116,0.28344759
1,3.140548307,0.051750393
1,3.65495935,1.291863106
1,3.623517159,-2.585610975
1,3.168754418,-0.287002649
1,3.581469619,0.786349134
1,3.740711095,-0.270177215
1,2.02888232,-3.747628305
1,2.334124049,-1.986701785
1,2.95564007,0.256322681
1,1.053859934,-0.164433527
1,2.265192959,-0.138599498
1,2.5202495,0.424977045
1,4.083018339,0.038590734
1,2.884900609,1.144316034
1,3.026681732,-0.210526207
1,2.618346407,2.087340208
1,2.025606939,-0.127251403
1,2.502154474,0.839992563
1,2.934629281,0.02424755
1,3.247232803,1.396796036
1,3.438781002,-0.329595336
1,1.383584292,0.996801108
1,1.548079406,-0.289870987
1,3.838983774,-0.257812511
1,3.212909341,-0.617556548
1,3.41280958,0.806244622
1,3.318777989,-0.363995753
1,1.512462494,-0.473898693
1,1.326021422,-0.915728164
1,2.396264718,1.615173048
1,3.376344607,0.259475507
1,2.742660352,0.798378931
1,2.819441064,-1.211994346
1,4.679321485,-1.36967854
1,3.018355281,0.193572278
1,3.141630138,1.137777584
1,1.866720595,0.873430607
1,2.303985194,0.528054518
1,2.404012503,-1.634044532
1,2.776372322,-0.327603383
1,2.183374867,0.542834266
1,3.64283494,0.827932923
1,1.496027563,0.975777851
1,1.6700333,-1.377873751
1,2.85902337,-0.178937636
1,2.965594851,-0.526436168
1,4.179555826,0.969391567
1,3.698868855,-1.608156231
1,4.378520515,0.083382444
1,3.917873698,-0.022543761
1,2.270819176,-1.584402086
1,3.075269739,-1.70285309
1,3.181997594,-2.508613012
1,2.599523822,0.548055233
1,4.154571582,-0.835397438
1,4.807900241,-1.800339948
1,3.66457073,0.139812138
1,3.195382796,0.395181714
1,3.543182165,1.100387972
1,4.429690418,0.04887207
1,2.124946991,-0.587566769
1,2.664210365,-0.657221105
1,2.518385289,-0.076482302
1,2.560307014,1.519360044
1,2.191761764,-0.926761662
1,3.874719374,-1.929689161
1,2.121051161,0.551320587
1,2.620266075,2.532156806
1,1.927491897,-0.485967199
1,3.291365099,0.016487204
1,3.265439322,0.189987677
1,3.777605297,1.712374031
1,3.827207061,0.238926431
1,4.27424195,-0.038262555
1,1.962027101,-1.331360307
1,2.981767125,-0.240496694
1,3.132546797,1.965558681
1,2.438905865,1.750079557
1,4.175676818,1.882076766
1,3.078245031,-0.332945598
1,3.347796832,-0.829404615
1,0.167524104,-0.626598647
1,2.756973061,-0.091319274
1,2.39403175,-1.729545511
1,3.668269228,-0.991368399
1,1.984692421,0.411359037
1,2.789557978,-0.531780195
1,4.785568943,-0.060152263
1,2.806886821,1.27794206
1,3.958074557,1.58830429
1,3.903882489,-0.120351963
1,2.160015777,0.545048236
1,2.408495465,0.633584013
1,3.451014746,0.080686633
1,4.625101289,1.213043914
1,2.838486296,-0.466414443
1,3.556737158,-1.142872758
1,2.202551062,-0.211032744
1,4.330154819,0.593323076
1,2.167714774,-0.513345613
1,4.594832577,-0.309005833
1,2.958179483,0.08438186
1,2.281501382,-0.126868472
1,2.858703539,-2.282850365
1,0.792023528,-0.209320656
1,4.77599139,-0.805849969
1,2.119296563,0.638030461
1,4.903025495,-0.714582416
1,4.56443811,-0.4498973
1,3.402120976,0.928917295
1,3.397541158,1.453570473
1,4.355000672,-0.261242032
1,2.362275979,-1.027240338
1,3.31420382,-0.362780876
1,2.154337998,2.29247578
1,3.974847423,-0.103128046
1,4.453009033,-1.625895933
1,2.808673687,-1.557198675
1,3.102455365,0.259290651
1,3.256988824,0.675022682
1,3.359408559,0.701465037
1,3.000437653,0.046748308
1,2.272083799,0.828531579
1,4.503431401,0.651982398
1,2.180018072,1.395843864
1,2.254710597,-2.299830141
1,2.137452696,-1.09058886
1,3.421415349,-0.292800487
1,2.362006081,-0.51182277
1,4.438486852,-0.587354989
1,4.516178585,0.512489967
1,3.98477406,0.033954258
1,1.924314055,-1.419515629
1,2.860539712,-0.030522563
1,3.051232619,0.665983795
1,1.85723276,1.59353261
1,3.375376347,-0.626742528
1,3.269736465,0.167520119
1,4.235178263,0.261876181
1,1.961902164,1.12940846
1,3.459848818,0.890559455
1,3.847884606,0.269546587
1,1.174718881,0.997609313
1,3.492370315,0.630861012
1,2.480838526,1.770869039
1,1.57463946,0.37585549
1,0.911314577,-0.117056952
1,2.546778781,-0.353165337
1,4.525871145,0.326705648
1,3.705217544,0.411394147
1,2.676023164,-0.913279079
1,2.610213003,-0.366270175
1,2.424495852,1.066096407
1,2.834438033,2.09722392
1,4.411227836,-0.290936024
1,2.470060931,1.618845867
1,2.570651303,-1.306271533
1,3.34839832,0.745858367
1,0.725759852,-0.604990441
1,3.721575601,-1.725292853
1,3.599949117,-1.006333063
1,4.902255196,-0.651737501
1,3.075843121,0.321800357
1,4.43272604,-1.008736225
1,3.88803018,0.04560467
1,4.374472367,-1.743460454
1,2.948197476,-1.65376648
1,2.404942814,1.85844779
1,4.422193818,1.300180198
1,2.943776126,0.325093058
1,4.512331329,-0.384859902
1,2.888008308,-0.542193356
1,2.837939803,-0.2614705
1,2.847274622,-0.758786662
1,4.994622615,-0.927500687
1,3.533213636,-2.586930704
1,3.353007222,0.460630425
1,3.749906262,2.133439979
1,4.322543682,0.359481155
1,3.975355239,-0.393183386
1,1.896748128,-1.48824107
1,2.830423984,0.913129732
1,3.687556208,1.519387275
1,2.943343232,0.458892859
1,3.20770112,-1.119579172
1,4.330473339,-0.843654388
1,3.278418797,0.857785378
1,1.773249225,0.578800729
1,2.950597794,-0.60213522
1,2.466114354,-0.752682311
1,2.055242618,-0.847498764
1,3.875889086,-2.295061625
1,1.498791394,-0.645956245
1,3.980240905,-2.279632581
1,3.210475524,-1.385594895
1,3.419380514,0.088662721
1,3.333241151,-1.984271935
1,2.865922023,0.589366476
1,3.464899213,0.435842157
1,1.690811462,-1.667993907
1,2.860098958,-0.150331639
1,2.105528736,-0.225064736
1,2.228236022,0.725302552
1,3.332371603,-0.044873571
1,0.921554382,-0.643919174
1,3.889456173,-0.590563119
1,3.235948892,-1.176321033
1,1.687751905,0.096990023
1,1.002128863,0.940805003
2,0.93456708,4.079461977
2,0.949384776,1.08905254
2,-0.646567722,-0.202673774
2,1.836744543,1.609382129
2,-0.181120409,1.290466737
2,0.867891409,1.065265274
2,1.131653563,5.151188139
2,-0.625773579,2.545573859
2,0.014878472,-0.226205669
2,1.136239491,0.057080468
2,0.640957902,0.142839283
2,0.617259921,0.783841856
2,1.088017154,1.30785295
2,0.005310911,3.11762041
2,-0.164485402,0.969082212
2,2.158948722,0.951212413
2,2.085710434,0.752103272
2,0.075272196,1.497515535
2,0.095086158,2.693241082
2,-0.351187816,3.027755589
2,2.269820785,1.582329782
2,-0.448238328,2.072543892
2,2.807981113,2.201030931
2,1.702369531,0.503891174
2,0.717589025,2.124736599
2,0.065019728,3.709635694
2,-0.239806557,4.006444184
2,1.097753808,1.470832594
2,-1.058683266,1.779045727
2,0.360564775,0.786435671
2,0.655134616,2.330483581
2,0.10721929,4.547747553
2,0.556901158,2.710403797
2,2.640260621,0.827579584
2,0.995512757,1.708895079
2,1.117778891,1.30488359
2,1.535597775,1.542246836
2,-0.052070104,3.111008902
2,2.364981451,0.500862917
2,-0.510977038,3.823542909
2,0.937778383,2.648074454
2,-1.115086093,3.060327217
2,1.589328612,-0.458118522
2,0.916519288,3.177465221
2,-0.760536931,2.036119233
2,0.568002359,4.917099676
2,1.56000507,2.621097158
2,1.132591415,0.110745108
2,0.547670114,1.08340197
2,0.130752946,1.645010709
2,-0.922853656,4.37927785
2,-0.310709746,0.166345544
2,2.807840592,1.96015591
2,0.781284619,0.969157963
2,0.597186169,2.965180484
2,-0.35259703,2.402025967
2,1.427814592,-0.673866393
2,0.126605206,-0.122722571
2,-0.508539538,1.435964267
2,1.060736209,0.563864182
2,-0.488259268,1.657440985
2,1.984235676,1.344032826
2,0.312563234,2.725683089
2,0.431082194,0.573674503
2,-2.043463982,3.170275065
2,0.937299256,0.867093401
2,0.421894512,2.14300419
2,-0.889879378,3.297768873
2,0.869520083,1.603292095
2,0.866461177,-0.803524386
2,0.122785047,3.256483922
2,2.592882791,0.718293326
2,0.592857171,3.178563027
2,0.665895658,-0.433589159
2,1.58306479,-0.194030769
2,0.839970851,1.784193338
2,1.511096015,2.111132613
2,-0.495392586,0.065357543
2,1.750732512,2.846324795
2,1.73594022,-0.55608848
2,-0.031529983,3.510108615
2,2.495103133,0.548262578
2,0.644105988,2.678759844
2,0.714165671,-0.876832494
2,-1.328757364,4.321765615
2,1.085751437,2.69471764
2,0.690522359,4.825148783
2,-1.345654727,2.620705954
2,2.234260296,0.394719594
2,1.236244758,2.92995486
2,-0.881686027,3.240855819
2,1.728507749,0.162983968
2,0.929546205,4.921771717
2,1.053181666,3.233473758
2,-0.096374142,2.322562102
2,-0.172336517,0.380933547
2,-1.678027822,5.153676126
2,-1.098951837,1.644775307
2,0.259736977,0.606909393
2,0.080600003,0.024117052
2,2.803341852,2.089825513
2,0.715346042,2.214966719
2,1.47661635,0.418072799
2,-0.414579997,3.17542206
2,-0.810035778,2.540965761
2,-0.154174813,2.136171333
2,1.349761125,2.64390598
2,0.972602336,3.161335913
2,-0.573183705,3.457778518
2,0.800069638,2.29241823
2,2.307594212,0.616170264
2,0.411721684,3.090275986
2,0.726669954,4.22794046
2,-0.344407076,4.419038745
2,0.638204134,0.244769315
2,-0.167183328,3.834882582
2,2.249407137,2.41650977
2,0.475100578,4.098676614
2,0.733603006,4.070936769
2,0.616908221,3.125582621
2,1.082071163,1.552821491
2,-0.004717737,2.048193809
2,-0.790322379,3.068338589
2,-0.072497655,2.782835907
2,1.373343672,3.620125113
2,1.331089749,1.581464634
2,2.229043838,3.218242098
2,1.031947672,0.645214001
2,1.606427224,-0.14630508
2,-0.71117171,0.97548556
2,1.758573116,1.603794011
2,1.260203355,0.56250662
2,1.477330109,1.59596584
2,0.920212569,1.941839682
2,1.131791312,2.438725365
2,0.755957751,0.181789674
2,-1.354664608,4.090343022
2,0.955085105,1.584281297
2,0.788592054,0.186380195
2,0.626439902,1.849891786
2,-0.630897856,1.15694246
2,-0.057915877,1.971901505
2,0.643215592,4.413787284
2,0.568335014,1.795988098
2,0.647828108,3.411562572
2,2.051918494,2.085668672
2,1.665220874,2.59248033
2,-0.198039754,3.65975443
2,1.345903137,2.179504752
2,1.497974063,4.215842407
2,-0.546603542,2.972897097
2,0.888471717,1.744384991
2,-0.682385194,3.563015342
2,0.06036123,0.96507793
2,-0.837293665,1.530023076
2,1.214514169,0.776871127
2,0.231783946,2.181439393
2,-1.383214196,-0.105769795
2,-1.168484545,3.035606426
2,-1.734678171,3.415995435
2,0.098957448,2.039010314
2,-0.062310572,3.23135512
2,0.136703815,2.389593055
2,0.970856972,0.662293621
2,1.809220168,0.702128946
2,-0.504893891,-0.043024866
2,2.24716754,1.584841165
2,0.079554238,1.988159547
2,-0.396686108,1.082221343
2,-0.851114222,1.469289836
2,1.091763262,3.556626724
2,0.324534431,4.390776827
2,-1.81748276,2.948014172
2,-0.339857643,4.006540621
2,2.304385962,1.417268343
2,0.33291173,3.887167304
2,1.392440806,2.643712227
2,-0.0854536,2.664683916
2,-0.700904415,3.58708988
2,-0.024176264,2.71362675
2,-0.260090826,-0.458161668
2,-0.456006347,-0.228972108
2,-1.3568699,1.842414354
2,1.463641885,0.879874167
2,0.728617709,3.1995996
2,-0.921404175,1.302560803
2,-0.332401497,3.999755949
2,0.297478245,0.394275885
2,0.074631045,0.138367004
2,-0.018977156,1.667820948
2,1.237958445,-0.508917448
2,-0.418781611,1.189263839
2,0.05268612,1.600229535
2,0.889609373,3.599731639
2,0.764286222,-0.450670763
2,0.922992757,2.371246487
2,0.576079367,2.898474168
2,1.015831111,5.070202317
2,2.658383605,1.467299762
2,-0.182261405,1.051663903
2,-0.54182188,1.637380062
2,0.88515986,2.891061421
2,1.901396789,1.21132253
2,1.16010178,3.882784669
2,0.561303455,3.025345182
2,2.015987364,1.45908675
2,1.003533238,1.632141645
2,1.123195211,1.933656038
2,1.918300567,1.315037946
2,0.864820788,0.075939562
2,1.371468931,-0.445745378
2,-1.160556934,0.598285137
2,0.367123838,3.822220947
2,1.117029413,2.350943189
2,-0.022546472,3.480114376
2,1.45802954,-0.291196943
2,0.769711002,1.668070167
2,-0.718636113,3.575343501
2,-0.349161651,2.51736621
2,-0.245357975,0.412413377
2,0.957605417,3.092791994
2,1.163948416,-0.80661001
2,-1.290725862,3.874432291
2,1.299132681,3.266668201
2,-0.910368188,2.038564709
2,0.129592736,3.166622478
2,1.691449594,2.631469134
2,1.739885474,1.660406292
2,2.098545176,0.4300791
2,1.837953137,0.550366219
2,-0.988236666,-1.39314996
2,2.134224721,1.347779435
2,0.397592135,1.836715104
2,0.354758248,2.08268923
2,1.736047179,2.821787655
2,1.687988884,0.93532253
2,-1.842470112,3.4956585
2,-0.150630702,-0.266899082
2,1.201680931,2.607399804
2,-0.210349398,1.074277258
2,0.336993401,4.570042129
2,0.604680558,0.406779441
2,0.257138833,2.304806304
2,0.598350728,0.866853884
2,2.160767406,2.382322591
2,-1.253345898,2.20321292
2,-0.895192226,1.101686527
2,0.725840999,1.072009608
2,-0.412573295,3.528286883
2,0.309469603,0.930099946
2,0.726615389,4.002125348
2,1.556561809,-1.127829985
2,-2.113676081,3.464898832
2,-0.988373825,3.992199304
2,-1.453557827,2.961977019
2,-0.461622869,2.77273386
2,-0.605381521,2.764467238
2,0.820740894,0.352096285
2,0.499150108,1.606040097
2,2.124060275,2.644430617
2,0.033650924,2.682006089
2,-0.344566757,3.685911315
2,-1.185732841,2.889989259
2,-0.298163056,3.09804302
2,0.478939048,2.882140872
2,0.701843664,2.232637305
2,-0.077817659,1.240447718
2,-0.574020521,0.991409109
2,-0.579254893,4.693133393
2,1.162463043,0.941325447
2,2.172900197,0.189986308
2,2.50586027,2.692697452
2,-0.294805358,1.203961099
2,-0.473500069,1.896075502
2,1.958960851,1.925098435
2,0.346855626,3.185941138
2,-0.658697864,0.121552118
2,-0.942531365,2.210248539
2,-1.261708852,3.253305641
2,-0.956582143,2.794465174
2,1.550275814,1.382509993
2,1.404707612,2.110384428
2,1.341587904,1.652421202
2,3.183427605,1.942000768
2,-0.711249052,2.628993553
2,-1.628079102,2.723378972
2,2.855474319,0.828562372
2,-0.346195851,0.839418513
2,0.258933376,2.850042186
2,0.061772364,2.086245745
2,-0.961942885,3.28344759
2,1.140548307,1.051750393
2,0.65495935,4.291863106
2,1.623517159,-1.585610975
2,1.168754418,0.712997351
2,1.581469619,1.786349134
2,0.740711095,2.729822785
2,0.02888232,-2.747628305
2,-0.665875951,1.013298215
2,-0.04435993,3.256322681
2,-0.946140067,0.835566473
2,-0.734807042,2.861400502
2,0.5202495,1.424977045
2,2.083018339,1.038590734
2,0.884900609,2.144316034
2,1.026681732,0.789473793
2,0.618346407,3.087340208
2,-0.974393061,2.872748597
2,0.502154474,1.839992563
2,0.934629281,1.02424755
2,0.247232803,4.396796036
2,1.438781002,0.670404664
2,-1.616415708,3.996801108
2,-1.451920594,2.710129013
2,1.838983774,0.742187489
2,1.212909341,0.382443452
2,1.41280958,1.806244622
2,1.318777989,0.636004247
2,-0.487537506,0.526101307
2,-1.673978578,2.084271836
2,0.396264718,2.615173048
2,1.376344607,1.259475507
2,0.742660352,1.798378931
2,0.819441064,-0.211994346
2,1.679321485,1.63032146
2,1.018355281,1.193572278
2,1.141630138,2.137777584
2,-1.133279405,3.873430607
2,-0.696014806,3.528054518
2,-0.595987497,1.365955468
2,0.776372322,0.672396617
2,0.183374867,1.542834266
2,0.64283494,3.827932923
2,-0.503972437,1.975777851
2,-0.3299667,-0.377873751
2,0.85902337,0.821062364
2,0.965594851,0.473563832
2,2.179555826,1.969391567
2,1.698868855,-0.608156231
2,2.378520515,1.083382444
2,0.917873698,2.977456239
2,-0.729180824,1.415597914
2,0.075269739,1.29714691
2,1.181997594,-1.508613012
2,0.599523822,1.548055233
2,2.154571582,0.164602562
2,2.807900241,-0.800339948
2,0.66457073,3.139812138
2,0.195382796,3.395181714
2,0.543182165,4.100387972
2,1.429690418,3.04887207
2,0.124946991,0.412433231
2,-0.335789635,2.342778895
2,0.518385289,0.923517698
2,0.560307014,2.519360044
2,-0.808238236,2.073238338
2,1.874719374,-0.929689161
2,-0.878948839,3.551320587
2,0.620266075,3.532156806
2,-1.072508103,2.514032801
2,1.291365099,1.016487204
2,1.265439322,1.189987677
2,1.777605297,2.712374031
2,0.827207061,3.238926431
2,2.27424195,0.961737445
2,-1.037972899,1.668639693
2,-0.018232875,2.759503306
2,1.132546797,2.965558681
2,-0.561094135,4.750079557
2,2.175676818,2.882076766
2,1.078245031,0.667054402
2,1.347796832,0.170595385
2,-1.832475896,0.373401353
2,-0.243026939,2.908680726
2,0.39403175,-0.729545511
2,1.668269228,0.008631601
2,-0.015307579,1.411359037
2,-0.210442022,2.468219805
2,2.785568943,0.939847737
2,-0.193113179,4.27794206
2,0.958074557,4.58830429
2,1.903882489,0.879648037
2,0.160015777,1.545048236
2,0.408495465,1.633584013
2,1.451014746,1.080686633
2,2.625101289,2.213043914
2,0.838486296,0.533585557
2,1.556737158,-0.142872758
2,0.202551062,0.788967256
2,1.330154819,3.593323076
2,0.167714774,0.486654387
2,2.594832577,0.690994167
2,0.958179483,1.08438186
2,0.281501382,0.873131528
2,-0.141296461,0.717149635
2,-2.207976472,2.790679344
2,1.77599139,2.194150031
2,-0.880703437,3.638030461
2,2.903025495,0.285417584
2,1.56443811,2.5501027
2,1.402120976,1.928917295
2,1.397541158,2.453570473
2,1.355000672,2.738757968
2,0.362275979,-0.027240338
2,0.31420382,2.637219124
2,-0.845662002,5.29247578
2,0.974847423,2.896871954
2,1.453009033,1.374104067
2,-0.191326313,1.442801325
2,0.102455365,3.259290651
2,0.256988824,3.675022682
2,0.359408559,3.701465037
2,0.000437653,3.046748308
2,0.272083799,1.828531579
2,1.503431401,3.651982398
2,0.180018072,2.395843864
2,-0.745289403,0.700169859
2,-0.862547304,1.90941114
2,1.421415349,0.707199513
2,0.362006081,0.48817723
2,1.438486852,2.412645011
2,1.516178585,3.512489967
2,1.98477406,1.033954258
2,-0.075685945,-0.419515629
2,-0.139460288,2.969477437
2,1.051232619,1.665983795
2,-1.14276724,4.59353261
2,0.375376347,2.373257472
2,1.269736465,1.167520119
2,1.235178263,3.261876181
2,-1.038097836,4.12940846
2,0.459848818,3.890559455
2,1.847884606,1.269546587
2,-0.825281119,1.997609313
2,1.492370315,1.630861012
2,0.480838526,2.770869039
2,-0.42536054,1.37585549
2,-2.088685423,2.882943048
2,0.546778781,0.646834663
2,2.525871145,1.326705648
2,0.705217544,3.411394147
2,0.676023164,0.086720921
2,-0.389786997,2.633729825
2,-0.575504148,4.066096407
2,0.834438033,3.09722392
2,1.411227836,2.709063976
2,-0.529939069,4.618845867
2,-0.429348697,1.693728467
2,1.34839832,1.745858367
2,-2.274240148,2.395009559
2,0.721575601,1.274707147
2,0.599949117,1.993666937
2,1.902255196,2.348262499
2,0.075843121,3.321800357
2,1.43272604,1.991263775
2,0.88803018,3.04560467
2,1.374472367,1.256539546
2,-0.051802524,1.34623352
2,-0.595057187,4.85844779
2,1.422193818,4.300180198
2,0.943776126,1.325093058
2,2.512331329,0.615140098
2,-0.111991692,2.457806644
2,-0.162060198,2.7385295
2,-0.152725378,2.241213338
2,1.994622615,2.072499313
2,1.533213636,-1.586930704
2,1.353007222,1.460630425
2,0.749906262,5.133439979
2,1.322543682,3.359481155
2,0.975355239,2.606816614
2,-0.103251872,-0.48824107
2,0.830423984,1.913129732
2,1.687556208,2.519387275
2,0.943343232,1.458892859
2,0.20770112,1.880420828
2,1.330473339,2.156345612
2,0.278418797,3.857785378
2,-0.226750775,1.578800729
2,0.950597794,0.39786478
2,-0.533885647,2.247317689
2,0.055242618,0.152501236
2,1.875889086,-1.295061625
2,-0.501208606,0.354043755
2,1.980240905,-1.279632581
2,0.210475524,1.614405105
2,1.419380514,1.088662721
2,1.333241151,-0.984271935
2,-0.134077977,3.589366476
2,0.464899213,3.435842157
2,-0.309188539,-0.667993907
2,0.860098958,0.849668361
2,0.105528736,0.774935264
2,0.228236022,1.725302552
2,0.332371603,2.955126429
2,-2.078445618,2.356080826
2,1.889456173,0.409436881
2,0.235948892,1.823678967
2,-0.312248095,1.096990023
2,-0.997871137,1.940805003
3,-0.06543292,2.079461977
3,-1.050615224,1.08905254
3,-2.646567722,-0.202673774
3,-0.163255457,1.609382129
3,-2.181120409,1.290466737
3,-1.132108591,1.065265274
3,0.131653563,3.151188139
3,-1.625773579,0.545573859
3,-1.985121528,-0.226205669
3,-0.863760509,0.057080468
3,-1.359042098,0.142839283
3,-1.382740079,0.783841856
3,0.088017154,-0.69214705
3,-0.994689089,1.11762041
3,-2.164485402,0.969082212
3,0.158948722,0.951212413
3,0.085710434,0.752103272
3,-0.924727804,-0.502484465
3,-0.904913842,0.693241082
3,-2.351187816,3.027755589
3,0.269820785,1.582329782
3,-1.448238328,0.072543892
3,0.807981113,2.201030931
3,-0.297630469,0.503891174
3,-0.282410975,0.124736599
3,-0.934980273,1.709635694
3,-1.239806557,2.006444184
3,-0.902246192,1.470832594
3,-3.058683266,1.779045727
3,-1.639435225,0.786435671
3,-0.344865384,0.330483581
3,-0.892780711,2.547747553
3,-0.443098842,0.710403797
3,0.640260621,0.827579584
3,-0.004487243,-0.291104921
3,-0.882221109,1.30488359
3,0.535597775,-0.457753164
3,-1.052070104,1.111008902
3,0.364981451,0.500862917
3,-1.510977038,1.823542909
3,-0.062221617,0.648074454
3,-2.115086093,1.060327217
3,-0.410671389,-0.458118522
3,-0.083480712,1.177465221
3,-1.760536931,0.036119233
3,-0.431997641,2.917099676
3,0.56000507,0.621097158
3,-0.867408586,0.110745108
3,-0.452329886,-0.91659803
3,-1.869247054,1.645010709
3,-1.922853656,2.37927785
3,-2.310709746,0.166345544
3,0.807840592,1.96015591
3,-1.218715381,0.969157963
3,-0.402813831,0.965180484
3,-1.35259703,0.402025967
3,-0.572185408,-0.673866393
3,-1.873394794,-0.122722571
3,-2.508539538,1.435964267
3,-0.939263791,0.563864182
3,-1.488259268,-0.342559015
3,-0.015764324,1.344032826
3,-0.687436766,0.725683089
3,-1.568917806,0.573674503
3,-3.043463982,1.170275065
3,-1.062700744,0.867093401
3,-0.578105488,0.14300419
3,-1.889879378,1.297768873
3,-0.130479917,-0.396707905
3,-1.133538823,-0.803524386
3,-0.877214953,1.256483922
3,0.592882791,0.718293326
3,-0.407142829,1.178563027
3,-1.334104342,-0.433589159
3,-0.41693521,-0.194030769
3,-1.160029149,1.784193338
3,0.511096015,0.111132613
3,-2.495392586,0.065357543
3,-0.249267488,2.846324795
3,-0.26405978,-0.55608848
3,-1.031529983,1.510108615
3,0.495103133,0.548262578
3,-1.355894012,2.678759844
3,-1.285834329,-0.876832494
3,-2.328757364,2.321765615
3,-0.914248563,2.69471764
3,-0.309477641,2.825148783
3,-2.345654727,0.620705954
3,0.234260296,0.394719594
3,-0.763755242,2.92995486
3,-1.881686027,1.240855819
3,-0.271492251,0.162983968
3,-0.070453796,2.921771717
3,0.053181666,1.233473758
3,-1.096374142,0.322562102
3,-2.172336517,0.380933547
3,-2.678027822,3.153676126
3,-3.098951837,1.644775307
3,-1.740263023,0.606909393
3,-1.919399997,0.024117052
3,0.803341852,2.089825513
3,-1.284653958,2.214966719
3,-0.52338365,0.418072799
3,-1.414579997,1.17542206
3,-1.810035778,0.540965761
3,-1.154174813,0.136171333
3,-0.650238875,2.64390598
3,-0.027397664,1.161335913
3,-1.573183705,1.457778518
3,-0.199930362,0.29241823
3,0.307594212,0.616170264
3,-0.588278316,1.090275986
3,-0.273330046,2.22794046
3,-1.344407076,2.419038745
3,-1.361795866,0.244769315
3,-1.167183328,1.834882582
3,0.249407137,2.41650977
3,-0.524899422,2.098676614
3,-0.266396994,2.070936769
3,-0.383091779,1.125582621
3,-0.917928837,1.552821491
3,-1.004717737,0.048193809
3,-1.790322379,1.068338589
3,-1.072497655,0.782835907
3,0.373343672,1.620125113
3,-0.668910251,1.581464634
3,0.229043838,3.218242098
3,-0.968052328,0.645214001
3,-0.393572776,-0.14630508
3,-1.71117171,-1.02451444
3,-0.241426884,1.603794011
3,-0.739796645,0.56250662
3,0.477330109,-0.40403416
3,-1.079787431,1.941839682
3,-0.868208688,2.438725365
3,-1.244042249,0.181789674
3,-2.354664608,2.090343022
3,-1.044914895,1.584281297
3,-1.211407946,0.186380195
3,-0.373560098,-0.150108214
3,-1.630897856,-0.84305754
3,-2.057915877,1.971901505
3,-0.356784408,2.413787284
3,-1.431664986,1.795988098
3,-0.352171892,1.411562572
3,0.051918494,2.085668672
3,-0.334779126,2.59248033
3,-1.198039754,1.65975443
3,0.345903137,0.179504752
3,0.497974063,2.215842407
3,-2.546603542,2.972897097
3,-1.111528283,1.744384991
3,-1.682385194,1.563015342
3,-1.93963877,0.96507793
3,-2.837293665,1.530023076
3,-0.785485831,0.776871127
3,-0.768216054,0.181439393
3,-3.383214196,-0.105769795
3,-2.168484545,1.035606426
3,-2.734678171,1.415995435
3,-1.901042552,2.039010314
3,-1.062310572,1.23135512
3,-0.863296185,0.389593055
3,-1.029143028,0.662293621
3,-0.190779832,0.702128946
3,-2.504893891,-0.043024866
3,0.24716754,1.584841165
3,-1.920445762,1.988159547
3,-2.396686108,1.082221343
3,-2.851114222,1.469289836
3,0.091763262,1.556626724
3,-0.675465569,2.390776827
3,-2.81748276,0.948014172
3,-1.339857643,2.006540621
3,0.304385962,1.417268343
3,-0.66708827,1.887167304
3,0.392440806,0.643712227
3,-1.0854536,0.664683916
3,-1.700904415,1.58708988
3,-1.024176264,0.71362675
3,-2.260090826,-0.458161668
3,-2.456006347,-0.228972108
3,-2.3568699,-0.157585646
3,-0.536358115,0.879874167
3,-0.271382291,1.1995996
3,-1.921404175,-0.697439197
3,-1.332401497,1.999755949
3,-1.702521755,0.394275885
3,-1.925368955,0.138367004
3,-2.018977156,1.667820948
3,-0.762041555,-0.508917448
3,-2.418781611,1.189263839
3,-1.94731388,1.600229535
3,-1.110390627,3.599731639
3,-1.235713778,-0.450670763
3,-1.077007243,2.371246487
3,-1.423920633,2.898474168
3,0.015831111,3.070202317
3,0.658383605,1.467299762
3,-2.182261405,1.051663903
3,-1.54182188,-0.362619938
3,-0.114840141,0.891061421
3,-0.098603211,1.21132253
3,0.16010178,1.882784669
3,-0.438696545,1.025345182
3,0.015987364,1.45908675
3,-0.996466762,1.632141645
3,-0.876804789,1.933656038
3,-0.081699433,1.315037946
3,-1.135179212,0.075939562
3,-0.628531069,-0.445745378
3,-3.160556934,0.598285137
3,-0.632876162,1.822220947
3,0.117029413,0.350943189
3,-1.022546472,1.480114376
3,-0.54197046,-0.291196943
3,-1.230288998,1.668070167
3,-1.718636113,1.575343501
3,-1.349161651,0.51736621
3,-2.245357975,0.412413377
3,-0.042394583,1.092791994
3,-0.836051584,-0.80661001
3,-2.290725862,1.874432291
3,0.299132681,1.266668201
3,-1.910368188,0.038564709
3,-0.870407264,1.166622478
3,-0.308550406,2.631469134
3,0.739885474,-0.339593708
3,0.098545176,0.4300791
3,-0.162046863,0.550366219
3,-2.988236666,-1.39314996
3,0.134224721,1.347779435
3,-0.602407865,-0.163284896
3,-1.645241752,2.08268923
3,0.736047179,0.821787655
3,-0.312011117,0.93532253
3,-2.842470112,1.4956585
3,-2.150630702,-0.266899082
3,0.201680931,0.607399804
3,-2.210349398,1.074277258
3,-0.663006599,2.570042129
3,-1.395319442,0.406779441
3,-1.742861167,2.304806304
3,-1.401649272,0.866853884
3,0.160767406,2.382322591
3,-2.253345898,0.20321292
3,-2.895192226,1.101686527
3,-0.274159001,-0.927990392
3,-1.412573295,1.528286883
3,-1.690530397,0.930099946
3,-0.273384611,2.002125348
3,-0.443438191,-1.127829985
3,-3.113676081,1.464898832
3,-1.988373825,1.992199304
3,-2.453557827,0.961977019
3,-2.461622869,2.77273386
3,-1.605381521,0.764467238
3,-1.179259106,0.352096285
3,-1.500849892,1.606040097
3,1.124060275,0.644430617
3,-0.966349076,0.682006089
3,-1.344566757,1.685911315
3,-2.185732841,0.889989259
3,-1.298163056,1.09804302
3,-0.521060952,0.882140872
3,-0.298156336,0.232637305
3,-2.077817659,1.240447718
3,-2.574020521,0.991409109
3,-1.579254893,2.693133393
3,-0.837536958,0.941325447
3,0.172900197,0.189986308
3,0.50586027,2.692697452
3,-2.294805358,1.203961099
3,-1.473500069,-0.103924498
3,-0.041039149,1.925098435
3,-0.653144374,1.185941138
3,-2.658697864,0.121552118
3,-1.942531365,0.210248539
3,-2.261708852,1.253305641
3,-1.956582143,0.794465174
3,-0.449724186,1.382509993
3,0.404707612,0.110384428
3,-0.658412096,1.652421202
3,1.183427605,1.942000768
3,-1.711249052,0.628993553
3,-2.628079102,0.723378972
3,0.855474319,0.828562372
3,-2.346195851,0.839418513
3,-0.741066624,0.850042186
3,-0.938227636,0.086245745
3,-1.961942885,1.28344759
3,-0.859451693,1.051750393
3,-0.34504065,2.291863106
3,-0.376482841,-1.585610975
3,-0.831245583,0.712997351
3,-0.418530381,1.786349134
3,-0.259288905,0.729822785
3,-1.97111768,-2.747628305
3,-1.665875951,-0.986701785
3,-1.04435993,1.256322681
3,-2.946140067,0.835566473
3,-1.734807042,0.861400502
3,-1.4797505,1.424977045
3,0.083018339,1.038590734
3,-1.115099391,2.144316034
3,-0.973318268,0.789473793
3,-1.381653593,3.087340208
3,-1.974393061,0.872748597
3,-1.497845526,1.839992563
3,-1.065370719,1.02424755
3,-0.752767197,2.396796036
3,-0.561218998,0.670404664
3,-2.616415708,1.996801108
3,-2.451920594,0.710129013
3,-0.161016226,0.742187489
3,-0.787090659,0.382443452
3,-0.58719042,1.806244622
3,-0.681222011,0.636004247
3,-2.487537506,0.526101307
3,-2.673978578,0.084271836
3,-1.603735282,2.615173048
3,-0.623655393,1.259475507
3,-1.257339648,1.798378931
3,-1.180558936,-0.211994346
3,0.679321485,-0.36967854
3,-0.98164472,1.193572278
3,-0.858369863,2.137777584
3,-2.133279405,1.873430607
3,-1.696014806,1.528054518
3,-1.595987497,-0.634044532
3,-1.223627678,0.672396617
3,-1.816625133,1.542834266
3,-0.357165061,1.827932923
3,-2.503972437,1.975777851
3,-2.3299667,-0.377873751
3,-1.14097663,0.821062364
3,-1.034405149,0.473563832
3,0.179555826,1.969391567
3,-0.301131146,-0.608156231
3,0.378520515,1.083382444
3,-0.082126302,0.977456239
3,-1.729180824,-0.584402086
3,-0.924730261,-0.70285309
3,-0.818002406,-1.508613012
3,-1.400476178,1.548055233
3,0.154571582,0.164602562
3,0.807900241,-0.800339948
3,-0.33542927,1.139812138
3,-0.804617204,1.395181714
3,-0.456817835,2.100387972
3,0.429690418,1.04887207
3,-1.87505301,0.412433231
3,-1.335789635,0.342778895
3,-1.481614711,0.923517698
3,-1.439692986,2.519360044
3,-1.808238236,0.073238338
3,-0.125280626,-0.929689161
3,-1.878948839,1.551320587
3,-1.379733926,3.532156806
3,-2.072508103,0.514032801
3,-0.708634901,1.016487204
3,-0.734560678,1.189987677
3,-0.222394703,2.712374031
3,-0.172792939,1.238926431
3,0.27424195,0.961737445
3,-2.037972899,-0.331360307
3,-1.018232875,0.759503306
3,-0.867453203,2.965558681
3,-1.561094135,2.750079557
3,0.175676818,2.882076766
3,-0.921754969,0.667054402
3,-0.652203168,0.170595385
3,-3.832475896,0.373401353
3,-1.243026939,0.908680726
3,-1.60596825,-0.729545511
3,-0.331730772,0.008631601
3,-2.015307579,1.411359037
3,-1.210442022,0.468219805
3,0.785568943,0.939847737
3,-1.193113179,2.27794206
3,-0.041925443,2.58830429
3,-0.096117512,0.879648037
3,-1.839984223,1.545048236
3,-1.591504535,1.633584013
3,-0.548985254,1.080686633
3,0.625101289,2.213043914
3,-1.161513704,0.533585557
3,-0.443262842,-0.142872758
3,-1.797448938,0.788967256
3,0.330154819,1.593323076
3,-1.832285226,0.486654387
3,0.594832577,0.690994167
3,-1.041820517,1.08438186
3,-1.718498618,0.873131528
3,-1.141296461,-1.282850365
3,-3.207976472,0.790679344
3,0.77599139,0.194150031
3,-1.880703437,1.638030461
3,0.903025495,0.285417584
3,0.56443811,0.5501027
3,-0.597879025,1.928917295
3,-0.602458842,2.453570473
3,0.355000672,0.738757968
3,-1.637724022,-0.027240338
3,-0.68579618,0.637219124
3,-1.845662002,3.29247578
3,-0.025152577,0.896871954
3,0.453009033,-0.625895933
3,-1.191326313,-0.557198675
3,-0.897544635,1.259290651
3,-0.743011176,1.675022682
3,-0.640591441,1.701465037
3,-0.999562347,1.046748308
3,-1.727916201,1.828531579
3,0.503431401,1.651982398
3,-1.819981928,2.395843864
3,-1.745289403,-1.299830141
3,-1.862547304,-0.09058886
3,-0.578584652,0.707199513
3,-1.637993919,0.48817723
3,0.438486852,0.412645011
3,0.516178585,1.512489967
3,-0.01522594,1.033954258
3,-2.075685945,-0.419515629
3,-1.139460288,0.969477437
3,-0.948767381,1.665983795
3,-2.14276724,2.59353261
3,-0.624623653,0.373257472
3,-0.730263535,1.167520119
3,0.235178263,1.261876181
3,-2.038097836,2.12940846
3,-0.540151182,1.890559455
3,-0.152115394,1.269546587
3,-2.825281119,1.997609313
3,-0.507629685,1.630861012
3,-1.519161474,2.770869039
3,-2.42536054,1.37585549
3,-3.088685423,0.882943048
3,-1.453221219,0.646834663
3,0.525871145,1.326705648
3,-0.294782456,1.411394147
3,-1.323976836,0.086720921
3,-1.389786997,0.633729825
3,-1.575504148,2.066096407
3,-1.165561967,3.09722392
3,0.411227836,0.709063976
3,-1.529939069,2.618845867
3,-1.429348697,-0.306271533
3,-0.65160168,1.745858367
3,-3.274240148,0.395009559
3,-0.278424399,-0.725292853
3,-0.400050883,-0.006333063
3,0.902255196,0.348262499
3,-0.924156879,1.321800357
3,0.43272604,-0.008736225
3,-0.11196982,1.04560467
3,0.374472367,-0.743460454
3,-1.051802524,-0.65376648
3,-1.595057187,2.85844779
3,0.422193818,2.300180198
3,-1.056223875,1.325093058
3,0.512331329,0.615140098
3,-1.111991692,0.457806644
3,-1.162060198,0.7385295
3,-1.152725378,0.241213338
3,0.994622615,0.072499313
3,-0.466786364,-1.586930704
3,-0.646992778,1.460630425
3,-0.250093738,3.133439979
3,0.322543682,1.359481155
3,-0.024644761,0.606816614
3,-2.103251872,-0.48824107
3,-1.169576016,1.913129732
3,-0.312443792,2.519387275
3,-1.056656769,1.458892859
3,-0.79229888,-0.119579172
3,0.330473339,0.156345612
3,-0.721581203,1.857785378
3,-2.226750775,1.578800729
3,-1.049402206,0.39786478
3,-1.533885647,0.247317689
3,-1.944757382,0.152501236
3,-0.124110914,-1.295061625
3,-2.501208606,0.354043755
3,-0.019759096,-1.279632581
3,-0.789524476,-0.385594895
3,-0.580619486,1.088662721
3,-0.666758849,-0.984271935
3,-1.134077977,1.589366476
3,-0.535100787,1.435842157
3,-2.309188539,-0.667993907
3,-1.139901043,0.849668361
3,-1.894471264,0.774935264
3,-1.771763978,1.725302552
3,-0.667628397,0.955126429
3,-3.078445618,0.356080826
3,-0.110543827,0.409436881
3,-0.764051109,-0.176321033
3,-2.312248095,1.096990023
3,-2.997871137,1.940805003
